access,aerialway,aeroway,amenity,area,barrier,bicycle,boundary,brand,bridge,building,covered,culvert,cutting,disused,embankment,foot,harbour,highway,historic,horse,junction,landuse,latitud,layer,leisure,lock,longitud,man_made,military,motorcar,name,natural,oneway,operator,osm_id,place,population,power,railway,ref,religion,route,service,shop,sport,surface,tags,toll,tourism,tower:type,tracktype,tunnel,water,waterway,way_area,wetland,width,wood,x,y,z_order
,,,,,,,,,,,,,,,,,,,,,,,,,,,,,,,,,,,,,,,,,,,,,,,,,,,,,,,,,,,2798452.3968413547,828442.2542334031,
,,,,,,,,,,,,,,,,,,residential,,,,,19.4273962,,,,-99.1507951,,,,Tolsá,,yes,,124514599.0,,,,,,,,,,,,,,,,,,,,,,,,2798332.7141943523,828446.5548813518,33.0
,,,,,,,,,,,,,,,,,,residential,,,,,19.4273966,,,,-99.1513881,,,,Tolsá,,yes,,124514599.0,,,,,,,,,,,,,,,,,,,,,,,,2798270.630021037,828445.3656278886,33.0
,,,,,,,,,,,,,,,,,,residential,,,,,19.4274626,,,,-99.1524019,,,,Tolsá,,yes,,124514599.0,,,,,,,,,,,,,,,,,,,,,,,,2798164.3470231984,828450.540887421,33.0
,,,,,,,,,,,,,,,,,,residential,,,,,19.4275069,,,,-99.1530216,,,,Tolsá,,yes,,124514599.0,,,,,,,,,,,,,,,,,,,,,,,,2798099.371369544,828454.1413259563,33.0
,,,,,,,,,,,,,,,,,,primary,,,,,19.4270931,,,,-99.1531907,,,,Bucareli,,yes,,24858164.0,,,,,1P,,,,,,asphalt,,,,,,,,,,,,,2798082.5742220683,828408.1258182997,37.0
,,,,,,,,,,,,,,,,,,primary,,,,,19.4267539,,,,-99.1533301,,,,Bucareli,,yes,,24858164.0,,,,,1P,,,,,,asphalt,,,,,,,,,,,,,2798068.7229624195,828370.4043673659,37.0
,,,,,,,,,,,,,,,,,,primary,,,,,19.4265003,,,,-99.1534386,,,,Bucareli,,yes,,24858164.0,,,,,1P,,,,,,asphalt,,,,,,,,,,,,,2798057.919174969,828342.1933516234,37.0
,,,,,,,,,,,,,,,,,,primary,,,,,19.4261407,,,,-99.1535923,,,,Bucareli,,yes,,24858164.0,,,,,1P,,,,,,asphalt,,,,,,,,,,,,,2798042.615339506,828302.1909786075,37.0
,,,,,,,,,,,,,,,,,,primary,,,,,19.4260203,,,,-99.1536476,,,,Bucareli,,yes,,24858164.0,,,,,1P,,,,,,asphalt,,,,,,,,,,,,,2798037.089451951,828288.7895483245,37.0
,,,,,,,,,,,,,,,,,,primary,,,,,19.4259665,,,,-99.1536723,,,,Bucareli,,yes,,24858164.0,,,,,1P,,,,,,asphalt,,,,,,,,,,,,,2798034.621335387,828282.8012233981,37.0
,,,,,,,,,,,,,,,,,,primary,,,,,19.4258509,,,,-99.1541627,,,,Avenida Chapultepec,,yes,,24689815.0,,,,,1S,,,,,,,,,,,,,,,,,,,2797983.5322048236,828269.0254097689,37.0
,,,,,,,,,,,,,,,,,,primary,,,,,19.4255456,,,,-99.1553631,,,,Avenida Chapultepec,,yes,,24689815.0,,,,,1S,,,,,,,,,,,,,,,,,,,2797858.5248570624,828232.8410388703,37.0
,,,,,,,,,,,,,,,,,,primary,,,,,19.425534,,,,-99.1554126,,,,Avenida Chapultepec,,yes,,24689815.0,,,,,1S,,,,,,,,,,,,,,,,,,,2797853.3678438,828231.45813962,37.0
,,,,,,,,,,,,,,,,,,primary,,,,,19.4252836,,,,-99.1564824,,,,Avenida Chapultepec,,yes,,24689815.0,,,,,1S,,,,,,,,,,,,,,,,,,,2797741.912965808,828201.6043549284,37.0
,,,,,,,,,,,,,,,,,,primary,,,,,19.4250776,,,,-99.157388,,,,Avenida Chapultepec,,yes,,24689815.0,,,,,1S,,,,,,,,,,,,,,,,,,,2797647.551533968,828176.9918397394,37.0
,,,,,,,,,,,,,,,,,,primary,,,,,19.4247614,,,,-99.1588368,,,,Avenida Chapultepec,,yes,,24689815.0,,,,,1S,,,,,,,,,,,,,,,,,,,2797496.5600749473,828139.0921044247,37.0
,,,,,,,,,,,,,,,,,,primary,,,,,19.4247481,,,,-99.1588976,,,,Avenida Chapultepec,,yes,,24689815.0,,,,,1S,,,,,,,,,,,,,,,,,,,2797490.2236533435,828137.4982884486,37.0
,,,,,,,,,,,,,,,,,,primary,,,,,19.4246355,,,,-99.1594446,,,,Avenida Chapultepec,,yes,,24689815.0,,,,,1S,,,,,,,,,,,,,,,,,,,2797433.2012195583,828123.9379876225,37.0
,,,,,,,,,,,,,,,,,,primary,,,,,19.4245752,,,,-99.1595989,,,,Avenida Chapultepec,,yes,,24689817.0,,,,,1S,,,,,,,,,,,,,,,,,,,2797417.178457376,828116.9636909334,37.0
,,,,,,,,,,,,,,,,,,primary,,,,,19.4242109,,,,-99.1612348,,,,Avenida Chapultepec,,yes,,24689817.0,,,,,1S,,,,,,,,,,,,,,,,,,,2797246.7022829317,828073.3704624787,37.0
,,,,,,,,,,,,,,,,,,primary,,,,,19.4234244,-1,,,-99.1645667,,,,Avenida Chapultepec,,yes,,128594659.0,,,,,1S,,,,,,,,,,,,yes,,,,,,,2796899.581128091,827979.6758734245,-163.0
,,,,,,,,,,,,,,,,,,secondary,,,,,19.4235624,,,,-99.1642767,,,,Avenida Chapultepec,,yes,,24696468.0,,,,,1S,,,,,,,,,,,,,,,,,,,2796929.642063871,827995.5050392053,36.0
,,,,,,,,,,,,,,,,,,secondary,,,,,19.4232538,,,,-99.165646,,,,Avenida Chapultepec,,yes,,24696468.0,,,,,1S,,,,,,,,,,,,,,,,,,,2796786.953930557,827958.6156631269,36.0
,,,,,,,,,,,,,,,,,,secondary,,,,,19.4232257,,,,-99.1657839,,,,Avenida Chapultepec,,yes,,24696468.0,,,,,1S,,,,,,,,,,,,,,,,,,,2796772.577504157,827955.2293682648,36.0
,,,,,,,,,,,,,,,,,,secondary,,,,,19.4229513,,,,-99.1668685,,,,Avenida Chapultepec,,yes,,24696468.0,,,,,1S,,,,,,,,,,,,,,,,,,,2796659.62137558,827922.7044327304,36.0
,,,,,,,,,,,,,,,,,,secondary,,,,,19.4228695,,,,-99.1672332,,,,Avenida Chapultepec,,yes,,24696468.0,,,,,1S,,,,,,,,,,,,,,,,,,,2796621.6166129187,827912.9231773104,36.0
,,,,,,,,,,,,,,,,,,secondary,,,,,19.4225831,,,,-99.1687099,,,,Avenida Chapultepec,,yes,,24696468.0,,,,,1S,,,,,,,,,,,,,,,,,,,2796467.634102077,827878.2645404037,36.0
,,,,,,,,,,,,,,,,,,secondary,,,,,19.4225182,,,,-99.1690263,,,,Avenida Chapultepec,,yes,,24696468.0,,,,,1S,,,,,,,,,,,,,,,,,,,2796434.6491874456,827870.448576444,36.0
,,,,,,,,,,,,,,,,,,secondary,,,,,19.422252,,,,-99.1702442,,,,Avenida Chapultepec,,yes,,24696468.0,,,,,1S,,,,,,,,,,,,,,,,,,,2796307.717656796,827838.555653146,36.0
,,,,,,,,,,,,,,,,,,secondary,,,,,19.422027,,,,-99.1711574,,,,Avenida Chapultepec,,yes,,24696468.0,,,,,1S,,,,,,,,,,,,,,,,,,,2796212.597409683,827811.8396535992,36.0
,,,,,,,,,,,,,,,,,,secondary,,,,,19.4219253,,,,-99.1715653,,,,Avenida Chapultepec,,yes,,24696468.0,,,,,1S,,,,,,,,,,,,,,,,,,,2796170.112453119,827799.7742668726,36.0
,,,,,,,,,,,,,,,,,,secondary,,,,,19.4216602,,,,-99.1727032,,,,Avenida Chapultepec,,yes,,24696468.0,,,,,1S,,,,,,,,,,,,,,,,,,,2796051.553274388,827768.1700859222,36.0
,,,,,,,,,,,,,,,,,,secondary,,,,,19.421544,,,,-99.1732019,,,,Avenida Chapultepec,,yes,,24696468.0,,,,,1S,,,,,,,,,,,,,,,,,,,2795999.5930010285,827754.3176154584,36.0
,,,,,,,,,,,,,,,,,,secondary,,,,,19.4213092,,,,-99.174223,,,,Avenida Chapultepec,,yes,,24696468.0,,,,,1S,,,,,,,,,,,,,,,,,,,2795893.1960382536,827726.2994629393,36.0
,,,,,,,,,,,,,,,,,,primary,,,,,19.4211716,,,,-99.1743521,,,,Avenida Chapultepec,,yes,,222126342.0,,,,,,,,,,,,,,,,,,,,,,,,2795879.9786558654,827710.8484085398,37.0
,,,,,,,,,,,,,,,,,,primary,,,,,19.4209704,,,,-99.175261,,,,Avenida Chapultepec,,yes,,222126342.0,,,,,,,,,,,,,,,,,,,,,,,,2795785.25535445,827686.7703829978,37.0
,,,,,,,,,,,,,,,,,,primary,,,,,19.4205305,-1,,,-99.1781537,,,,Avenida Chapultepec,,yes,,24723237.0,,,,,1S,,,,,,,,,,,,yes,,,,,,,2795483.348110585,827632.2628209746,-163.0
,,,,,,,,,,,,,,,,,,primary,,,,,19.4204375,,,,-99.1783963,,,,Avenida Chapultepec,,yes,,24723236.0,,,,,,,,,,,,,,,,,,,,,,,,2795458.150006596,827621.5000839407,37.0
,,,,,,,,,,,,,,,,,,primary,,,,,19.420317,,,,-99.1786264,,,,Avenida Chapultepec,,yes,,24723236.0,,,,,,,,,,,,,,,,,,,,,,,,2795434.3203172996,827607.7283973161,37.0
,,,,,,,,,,,,,,,,,,primary,,,,,19.4201586,,,,-99.1788293,,,,Avenida Chapultepec,,yes,,24723236.0,,,,,,,,,,,,,,,,,,,,,,,,2795413.420693777,827589.8303484175,37.0
,,,,,,,,,,,,,,,,,,primary,,,,,19.4200372,,,,-99.1789408,,,,Avenida Chapultepec,,yes,,24723236.0,,,,,,,,,,,,,,,,,,,,,,,,2795402.0102459905,827576.203685733,37.0
,,,,,,,,,,,,,,,,,,primary,,,,,19.4198025,,,,-99.1790782,,,,Avenida Chapultepec,,yes,,24723236.0,,,,,,,,,,,,,,,,,,,,,,,,2795388.1340099643,827550.020550153,37.0
,,,,,,,,,,,,,,,,,,primary,,,,,19.4194035,,,,-99.1792844,,,,Avenida Chapultepec,,yes,,24723236.0,,,,,,,,,,,,,,,,,,,,,,,,2795367.4110061345,827505.5645177054,37.0
,,,,,,,,,,,,,,,,,,primary,,,,,19.4191858,,,,-99.1793503,,,,Avenida Chapultepec,,yes,,24723236.0,,,,,,,,,,,,,,,,,,,,,,,,2795360.983813225,827481.4046658848,37.0
,,,,,,,,,,,,,,,,,,primary,,,,,19.4186355,,,,-99.1796259,,,,Avenida Chapultepec,,yes,,126882796.0,,,,,,,,,,,,,,,,,,,,,,,,2795333.32278937,827420.1091087515,37.0
,,,,,,,,,,,,,,,,,,primary,,,,,19.4184324,,,,-99.1797779,,,,Avenida Chapultepec,,yes,,126882796.0,,,,,,,,,,,,,,,,,,,,,,,,2795317.849065798,827397.3831326027,37.0
,,,,,,,,,,,,,,,,,,primary,,,,,19.4175204,,,,-99.1801753,,,,Avenida Chapultepec,,yes,,126882796.0,,,,,,,,,,,,,,,,,,,,,,,,2795278.219968313,827295.9215994333,37.0
,,,,,,,,,,,,,,,,,,primary,,,,,19.4172889,,,,-99.1802705,,,,Avenida Chapultepec,,yes,,126882796.0,,,,,,,,,,,,,,,,,,,,,,,,2795268.7547138985,827270.1785192174,37.0
,,,,,,,,,,,,,,,,,,primary,,,,,19.4171436,,,,-99.180354,,,,Avenida Chapultepec,,yes,,126882796.0,,,,,,,,,,,,,,,,,,,,,,,,2795260.3273961977,827253.972092111,37.0
,,,,,,,,,,,,,,,,,,primary,,,,,19.4169499,,,,-99.180506,,,,Avenida Chapultepec,,yes,,126882796.0,,,,,,,,,,,,,,,,,,,,,,,,2795244.8329878696,827232.2834870046,37.0
,,,,,,,,,,,,,,,,,,primary,,,,,19.4167248,,,,-99.1807033,,,,Avenida Chapultepec,,yes,,126882796.0,,,,,,,,,,,,,,,,,,,,,,,,2795224.663649684,827207.0365077293,37.0
,,,,,,,,,,,,,,,,,,primary,,,,,19.4166321,,,,-99.1809003,,,,Avenida Chapultepec,,yes,,126882796.0,,,,,,,,,,,,,,,,,,,,,,,,2795204.238418822,827196.4011261467,37.0
,,,,,,,,,,,,,,,,,,primary,,,,,19.4165564,,,,-99.1810609,,,,Avenida Chapultepec,,yes,,126882796.0,,,,,,,,,,,,,,,,,,,,,,,,2795187.5874471953,827187.7167192695,37.0
,,,,,,,,,,,,,,,,,,primary,,,,,19.4163316,,,,-99.1824701,,,,Avenida Constituyentes,,yes,,30641926.0,,,,,,,,,,,asphalt,"""lanes""=>""3""",,,,,,,,,,,,2795040.528288644,827160.009273695,37.0
,,,,,,,,,,,,,,,,,,primary,,,,,19.4162504,,,,-99.1827976,,,,Avenida Constituyentes,,yes,,30641926.0,,,,,,,,,,,asphalt,"""lanes""=>""3""",,,,,,,,,,,,2795006.414242552,827150.3747797944,37.0
,,,,,,,,,,,,,,,,,,primary,,,,,19.4158962,,,,-99.1837503,,,,Avenida Constituyentes,,yes,,30641926.0,,,,,,,,,,,asphalt,"""lanes""=>""3""",,,,,,,,,,,,2794907.431691978,827109.3277936412,37.0
,,,,,,,,,,,,,,,,,,primary,,,,,19.4154139,,,,-99.1849726,,,,Avenida Constituyentes,,yes,,30641926.0,,,,,,,,,,,asphalt,"""lanes""=>""3""",,,,,,,,,,,,2794780.498133331,827053.5908306144,37.0
,,,,,,,,,,,,,,,,,,primary,,,,,19.4153408,,,,-99.1851578,,,,Avenida Constituyentes,,yes,,30641926.0,,,,,,,,,,,asphalt,"""lanes""=>""3""",,,,,,,,,,,,2794761.2654302293,827045.1432457966,37.0
,,,,,,,,,,,,,,,,,,primary,,,,,19.4151684,,,,-99.1855947,,,,Avenida Constituyentes,,yes,,30641926.0,,,,,,,,,,,asphalt,"""lanes""=>""3""",,,,,,,,,,,,2794715.893924177,827025.220195273,37.0
,,,,,,,,,,,,,,,,,,primary,,,,,19.4150776,,,,-99.1857822,,,,Avenida Constituyentes,,yes,,30641926.0,,,,,,,,,,,asphalt,"""lanes""=>""3""",,,,,,,,,,,,2794696.45866409,827014.8146825996,37.0
,,,,,,,,,,,,,,,,,,primary,,,,,19.4148216,,,,-99.1862421,,,,Avenida Constituyentes,,yes,,30641926.0,,,,,,,,,,,asphalt,"""lanes""=>""3""",,,,,,,,,,,,2794648.8598201377,826985.6188941322,37.0
,,,,,,,,,,,,,,,,,,primary,,,,,19.4140731,,,,-99.1877049,,,,Avenida Constituyentes,,yes,,30641926.0,,,,,,,,,,,asphalt,"""lanes""=>""3""",,,,,,,,,,,,2794497.319047821,826900.0136694945,37.0
,,,,,,,,,,,,,,,,,,primary,,,,,19.4140062,,,,-99.1878357,,,,Avenida Constituyentes,,yes,,30641926.0,,,,,,,,,,,asphalt,"""lanes""=>""3""",,,,,,,,,,,,2794483.76849608,826892.3623354047,37.0
,,,,,,,,,,,,,,,,,,primary,,,,,19.4140053,,,,-99.1878374,,,,Avenida Constituyentes,,yes,,30641926.0,,,,,,,,,,,asphalt,"""lanes""=>""3""",,,,,,,,,,,,2794483.59244627,826892.2595252037,37.0
,,,,,,,,,,,,,,,,,,primary,,,,,19.4137282,,,,-99.1883751,,,,Avenida Constituyentes,,yes,,30641926.0,,,,,,,,,,,asphalt,"""lanes""=>""3""",,,,,,,,,,,,2794427.8924395684,826860.5761649897,37.0
,,,,,,,,,,,,,,,,,,primary,,,,,19.4137065,,,,-99.1884171,,,,Avenida Constituyentes,,yes,,30641926.0,,,,,,,,,,,asphalt,"""lanes""=>""3""",,,,,,,,,,,,2794423.5417962912,826858.0952366209,37.0
,,,,,,,,,,,,,,,,,,primary,,,,,19.4136329,,,,-99.18856,,,,Avenida Constituyentes,,yes,,30641926.0,,,,,,,,,,,asphalt,"""lanes""=>""3""",,,,,,,,,,,,2794408.7387385652,826849.6797478185,37.0
,,,,,,,,,,,,,,,,,,primary,,,,,19.4130825,,,,-99.1896238,,,,Avenida Constituyentes,,yes,,30641926.0,,,,,,,,,,,asphalt,"""lanes""=>""3""",,,,,,,,,,,,2794298.5442264113,826786.7569072664,37.0
,,,,,,,,,,,,,,,,,,primary,,,,,19.412988,,,,-99.1898064,,,,Avenida Constituyentes,,yes,,30641926.0,,,,,,,,,,,asphalt,"""lanes""=>""3""",,,,,,,,,,,,2794279.629430771,826775.9536509457,37.0
,,,,,,,,,,,,,,,,,,primary,,,,,19.4129036,,,,-99.1899689,,,,Avenida Constituyentes,,yes,,30641926.0,,,,,,,,,,,asphalt,"""lanes""=>""3""",,,,,,,,,,,,2794262.797343739,826766.30624584,37.0
,,,,,,,,,,,,,,,,,,primary,,,,,19.4128573,,,,-99.1900579,,,,Avenida Constituyentes,,yes,,30641926.0,,,,,,,,,,,asphalt,"""lanes""=>""3""",,,,,,,,,,,,2794253.578691731,826761.0141927213,37.0
,,,,,,,,,,,,,,,,,,trunk,,,,,19.4127261,,,,-99.1902906,,,,Avenida Constituyentes,,yes,,396570775.0,,,,,,,,,,,asphalt,"""lanes""=>""3"", ""maxspeed""=>""80""",,,,,,,,,,,,2794229.4974445957,826746.0581685525,38.0
,,,,,,,,,,,,,,,,,,trunk,,,,,19.4122477,,,,-99.1913717,,,,Avenida Constituyentes,,yes,,396570775.0,,,,,,,,,,,asphalt,"""lanes""=>""3"", ""maxspeed""=>""80""",,,,,,,,,,,,2794117.334399724,826691.0466902457,38.0
,,,,,,,,,,,,,,,,,,trunk,,,,,19.4120067,,,,-99.1919069,,,,Avenida Constituyentes,,yes,,396570775.0,,,,,,,,,,,asphalt,"""lanes""=>""3"", ""maxspeed""=>""80""",,,,,,,,,,,,2794061.8166397093,826663.3535842556,38.0
,,,,,,,,,,,,,,,,,,trunk,,,,,19.4118289,,,,-99.1922538,,,,Avenida Constituyentes,,yes,,396570775.0,,,,,,,,,,,asphalt,"""lanes""=>""3"", ""maxspeed""=>""80""",,,,,,,,,,,,2794025.8782984093,826643.021163186,38.0
,,,,,,,,,,,,,,,,,,trunk,,,,,19.4113724,,,,-99.1931199,,,,Avenida Constituyentes,,yes,,396570775.0,,,,,,,,,,,asphalt,"""lanes""=>""3"", ""maxspeed""=>""80""",,,,,,,,,,,,2793936.1783558577,826590.868560409,38.0
,,,,,,,,,,,,,,,,,,trunk,,,,,19.4110897,,,,-99.1936229,,,,Avenida Constituyentes,,yes,,396570775.0,,,,,,,,,,,asphalt,"""lanes""=>""3"", ""maxspeed""=>""80""",,,,,,,,,,,,2793884.1215127264,826558.6402529093,38.0
,,,,,,,,,,,,,,,,,,trunk,,,,,19.4107662,,,,-99.1941644,,,,Constituyentes,,yes,,145313170.0,,,,,,,,,,,,"""lanes""=>""3"", ""maxspeed""=>""80""",,,,,,,,,,,,2793828.121326536,826521.8307309343,38.0
,,,,,,,,,,,,,,,,,,trunk,,,,,19.4098459,,,,-99.1958357,,,,Constituyentes,,yes,,145313170.0,,,,,,,,,,,,"""lanes""=>""3"", ""maxspeed""=>""80""",,,,,,,,,,,,2793655.1104730507,826416.8473730094,38.0
,,,,,,,,,,,,,,,,,,trunk,,,,,19.4095004,,,,-99.1965981,,,,Constituyentes,,yes,,145313170.0,,,,,,,,,,,,"""lanes""=>""3"", ""maxspeed""=>""80""",,,,,,,,,,,,2793576.0266686655,826377.1586333303,38.0
,,,,,,,,,,,,,,,,,,trunk,,,,,19.4087561,,,,-99.197899,,,,Constituyentes,,yes,,145313170.0,,,,,,,,,,,,"""lanes""=>""3"", ""maxspeed""=>""80""",,,,,,,,,,,,2793441.4170022304,826292.358478064,38.0
,,,,,,,,,,,,,,,,,,trunk,,,,,19.408195,,,,-99.1989333,,,,Constituyentes,,yes,,145313170.0,,,,,,,,,,,,"""lanes""=>""3"", ""maxspeed""=>""80""",,,,,,,,,,,,2793334.3263890953,826228.3219284086,38.0
,,,,,,,,,,,,,,,,,,trunk,,,,,19.4074155,,,,-99.20037,,,,Constituyentes,,yes,,145313170.0,,,,,,,,,,,,"""lanes""=>""3"", ""maxspeed""=>""80""",,,,,,,,,,,,2793185.5703063374,826139.3616677537,38.0
,,,,,,,,,,,,,,,,,,trunk,,,,,19.407078,,,,-99.2009472,,,,Constituyentes,,yes,,145313170.0,,,,,,,,,,,,"""lanes""=>""3"", ""maxspeed""=>""80""",,,,,,,,,,,,2793125.858872771,826100.9366511792,38.0
,,,,,,,,,,,,,,,,,,trunk,,,,,19.4062872,,,,-99.2024129,,,,Constituyentes,,yes,,145313170.0,,,,,,,,,,,,"""lanes""=>""3"", ""maxspeed""=>""80""",,,,,,,,,,,,2792974.0880299434,826010.6720802612,38.0
,,,,,,,,,,,,,,,,,,trunk,,,,,19.4058576,,,,-99.2031189,,,,Constituyentes,,yes,,145313170.0,,,,,,,,,,,,"""lanes""=>""3"", ""maxspeed""=>""80""",,,,,,,,,,,,2792901.0870271013,825961.8209885188,38.0
,,,,,,,,,,,,,,,,,,trunk,,,,,19.4049856,,,,-99.2045217,,,,Constituyentes,,yes,,145313170.0,,,,,,,,,,,,"""lanes""=>""3"", ""maxspeed""=>""80""",,,,,,,,,,,,2792756.0744844326,825862.7260172913,38.0
,,,,,,,,,,,,,,,,,,trunk,,,,,19.4026055,,,,-99.2082382,,,,Constituyentes,,yes,,145313170.0,,,,,,,,,,,,"""lanes""=>""3"", ""maxspeed""=>""80""",,,,,,,,,,,,2792372.027239212,825592.4848049479,38.0
,,,,,,,,,,,,,,,,,,trunk,,,,,19.4006325,,,,-99.211387,,,,Constituyentes,,yes,,145313170.0,,,,,,,,,,,,"""lanes""=>""3"", ""maxspeed""=>""80""",,,,,,,,,,,,2792046.53946207,825368.3349983726,38.0
,,,,,,,,,,,,,,,,,,trunk,,,,,19.3997468,,,,-99.2127576,,,,Constituyentes,,yes,,145313170.0,,,,,,,,,,,,"""lanes""=>""3"", ""maxspeed""=>""80""",,,,,,,,,,,,2791904.9168106527,825267.8013531981,38.0
,,,,,,,,,,,,,,,,,,trunk,,,,,19.3996668,,,,-99.2128816,,,,Constituyentes,,yes,,145313170.0,,,,,,,,,,,,"""lanes""=>""3"", ""maxspeed""=>""80""",,,,,,,,,,,,2791892.1036483445,825258.7203985418,38.0
,,,,,,,,,,,,,,,,,,trunk,,,,,19.3993672,,,,-99.213459,,,,Constituyentes,,yes,,145313170.0,,,,,,,,,,,,"""lanes""=>""3"", ""maxspeed""=>""80""",,,,,,,,,,,,2791832.2832104345,825224.4823338881,38.0
,,,,,,,,,,,,,,,,,,trunk,,,,,19.3991337,,,,-99.213916,,,,Constituyentes,,yes,,145313170.0,,,,,,,,,,,,"""lanes""=>""3"", ""maxspeed""=>""80""",,,,,,,,,,,,2791784.9286186346,825197.7840636884,38.0
,,,,,,,,,,,,,,,,,,trunk,,,,,19.3986734,,,,-99.2150763,,,,Constituyentes,,yes,,145313170.0,,,,,,,,,,,,"""lanes""=>""3"", ""maxspeed""=>""80""",,,,,,,,,,,,2791664.412873967,825144.6264365888,38.0
,,,,,,,,,,,,,,,,,,trunk,,,,,19.3978034,,,,-99.2177647,,,,Constituyentes,,yes,,145313170.0,,,,,,,,,,,,"""lanes""=>""3"", ""maxspeed""=>""80""",,,,,,,,,,,,2791384.755481436,825043.1507901573,38.0
,,,,,,,,,,,,,,,,,,trunk,,,,,19.3976887,,,,-99.2181001,,,,Constituyentes,,yes,,145313170.0,,,,,,,,,,,,"""lanes""=>""3"", ""maxspeed""=>""80""",,,,,,,,,,,,2791349.8788516843,825029.8113866755,38.0
,,,,,,,,,,,,,,,,,,trunk,,,,,19.3970711,,,,-99.2199063,,,,Constituyentes,,yes,,145313170.0,,,,,,,,,,,,"""lanes""=>""3"", ""maxspeed""=>""80""",,,,,,,,,,,,2791162.0595935443,824957.9864852125,38.0
,,,,,,,,,,,,,,,,,,trunk,,,,,19.3964909,,,,-99.2218343,,,,Constituyentes,,yes,,145313170.0,,,,,,,,,,,,"""lanes""=>""3"", ""maxspeed""=>""80""",,,,,,,,,,,,2790961.4039103035,824890.0441599375,38.0
,,,,,,,,,,,,,,,,,,trunk,,,,,19.3961928,,,,-99.2227234,,,,Constituyentes,,yes,,145313170.0,,,,,,,,,,,,"""lanes""=>""3"", ""maxspeed""=>""80""",,,,,,,,,,,,2790868.9359265445,824855.343026646,38.0
,,,,,,,,,,,,,,,,,,trunk,,,,,19.3960832,,,,-99.2230654,,,,Constituyentes,,yes,,145313170.0,,,,,,,,,,,,"""lanes""=>""3"", ""maxspeed""=>""80""",,,,,,,,,,,,2790833.35637791,824842.5542392001,38.0
,,,,,,,,,,,,,,,,,,trunk,,,,,19.3958917,,,,-99.2236543,,,,Constituyentes,,yes,,145313170.0,,,,,,,,,,,,"""lanes""=>""3"", ""maxspeed""=>""80""",,,,,,,,,,,,2790772.096685224,824820.2266309676,38.0
,,,,,,,,,,,,,,,,,,trunk,,,,,19.3957751,,,,-99.2242309,,,,Constituyentes,,yes,,145313170.0,,,,,,,,,,,,"""lanes""=>""3"", ""maxspeed""=>""80""",,,,,,,,,,,,2790711.964860142,824806.1900082392,38.0
,,,,,,,,,,,,,,,,,,trunk,,,,,19.3957155,,,,-99.2246817,,,,Constituyentes,,yes,,145313170.0,,,,,,,,,,,,"""lanes""=>""3"", ""maxspeed""=>""80""",,,,,,,,,,,,2790664.8848437686,824798.6989767991,38.0
,,,,,,,,,,,,,,,,,,trunk,,,,,19.3957123,,,,-99.2250137,,,,Constituyentes,,yes,,145313170.0,,,,,,,,,,,,"""lanes""=>""3"", ""maxspeed""=>""80""",,,,,,,,,,,,2790630.1249632793,824797.6730153549,38.0
,,,,,,,,,,,,,,,,,,trunk,,,,,19.395706,,,,-99.22567,,,,Constituyentes,,yes,,145313170.0,,,,,,,,,,,,"""lanes""=>""3"", ""maxspeed""=>""80""",,,,,,,,,,,,2790561.4113158127,824795.6479694387,38.0
,,,,,,,,,,,,,,,,,,trunk,,,,,19.3958489,,,,-99.2266788,,,,Constituyentes,,yes,,145313170.0,,,,,,,,,,,,"""lanes""=>""3"", ""maxspeed""=>""80""",,,,,,,,,,,,2790455.465755966,824809.3747095396,38.0
,,,,,,,,,,,,,,,,,,trunk,,,,,19.3958692,,,,-99.2269603,,,,Constituyentes,,yes,,145313170.0,,,,,,,,,,,,"""lanes""=>""3"", ""maxspeed""=>""80""",,,,,,,,,,,,2790425.944051911,824811.0449065989,38.0
,,,,,,,,,,,,,,,,,,trunk,,,,,19.3958456,,,,-99.227413,,,,Constituyentes,,yes,,145313170.0,,,,,,,,,,,,"""lanes""=>""3"", ""maxspeed""=>""80""",,,,,,,,,,,,2790378.5881461273,824807.5238119415,38.0
,,,,,,,,,,,,,,,,,,trunk,,,,,19.3953922,,,,-99.2296272,,,,Constituyentes,,yes,,145313170.0,,,,,,,,,,,,"""lanes""=>""3"", ""maxspeed""=>""80""",,,,,,,,,,,,2790147.6860515256,824753.0062332853,38.0
,,,,,,,,,,,,,,,,,,trunk,,,,,19.3953348,,,,-99.2298086,,,,Constituyentes,,yes,,145313170.0,,,,,,,,,,,,"""lanes""=>""3"", ""maxspeed""=>""80""",,,,,,,,,,,,2790128.812332893,824746.3047085356,38.0
,,,,,,,,,,,,,,,,,,trunk,,,,,19.3951104,,,,-99.2305181,,,,Constituyentes,,yes,,145313170.0,,,,,,,,,,,,"""lanes""=>""3"", ""maxspeed""=>""80""",,,,,,,,,,,,2790054.99219576,824720.1052655891,38.0
,,,,,,,,,,,,,,,,,,trunk,,,,,19.3949155,,,,-99.2313557,,,,Constituyentes,,yes,,145313170.0,,,,,,,,,,,,"""lanes""=>""3"", ""maxspeed""=>""80""",,,,,,,,,,,,2789967.694352002,824696.902743527,38.0
,,,,,,,,,,,,,,,,,,trunk,,,,,19.3949702,,,,-99.2322959,,,,Constituyentes,,yes,,145313170.0,,,,,,,,,,,,"""lanes""=>""3"", ""maxspeed""=>""80""",,,,,,,,,,,,2789869.120350805,824701.0387464926,38.0
,,,,,,,,,,,,,,,,,,trunk,,,,,19.3949532,,,,-99.2325585,,,,Constituyentes,,yes,,145313170.0,,,,,,,,,,,,"""lanes""=>""3"", ""maxspeed""=>""80""",,,,,,,,,,,,2789841.657163501,824698.6319353278,38.0
,,,,,,,,,,,,,,,,,,trunk,,,,,19.3947998,,,,-99.2330539,,,,Constituyentes,,yes,,145313170.0,,,,,,,,,,,,"""lanes""=>""3"", ""maxspeed""=>""80""",,,,,,,,,,,,2789790.105660375,824680.7019121018,38.0
,,,,,,,,,,,,,,,,,,trunk,,,,,19.394313,,,,-99.2341379,,,,Constituyentes,,yes,,145313170.0,,,,,,,,,,,,"""lanes""=>""3"", ""maxspeed""=>""80""",,,,,,,,,,,,2789677.625516964,824624.7896583119,38.0
,,,,,,,,,,,,,,,,,,trunk,,,,,19.393713,,,,-99.2357115,,,,Constituyentes,,yes,,145313170.0,,,,,,,,,,,,"""lanes""=>""3"", ""maxspeed""=>""80""",,,,,,,,,,,,2789514.114142015,824555.3972351765,38.0
,,,,,,,,,,,,,,,,,,trunk,,,,,19.3936004,,,,-99.2362038,,,,Constituyentes,,yes,,145313170.0,,,,,,,,,,,,"""lanes""=>""3"", ""maxspeed""=>""80""",,,,,,,,,,,,2789462.799627565,824541.9771904785,38.0
,,,,,,,,,,,,,,,,,,trunk,,,,,19.3936193,,,,-99.236712,,,,Constituyentes,,yes,,145313170.0,,,,,,,,,,,,"""lanes""=>""3"", ""maxspeed""=>""80""",,,,,,,,,,,,2789409.5403199717,824543.0373609464,38.0
,,,,,,,,,,,,,,,,,,trunk,,,,,19.3936489,,,,-99.2372305,,,,Constituyentes,,yes,,145313170.0,,,,,,,,,,,,"""lanes""=>""3"", ""maxspeed""=>""80""",,,,,,,,,,,,2789355.179649491,824545.2577740869,38.0
,,,,,,,,,,,,,,,,,,trunk,,,,,19.3935629,,,,-99.2378203,,,,Constituyentes,,yes,,145313170.0,,,,,,,,,,,,"""lanes""=>""3"", ""maxspeed""=>""80""",,,,,,,,,,,,2789293.5981393396,824534.5771326306,38.0
,,,,,,,,,,,,,,,,,,trunk,,,,,19.3934393,,,,-99.2381953,,,,Constituyentes,,yes,,145313170.0,,,,,,,,,,,,"""lanes""=>""3"", ""maxspeed""=>""80""",,,,,,,,,,,,2789254.5905178515,824520.1804672594,38.0
,,,,,,,,,,,,,,,,,,trunk,,,,,19.3932056,,,,-99.2385698,,,,Constituyentes,,yes,,145313170.0,,,,,,,,,,,,"""lanes""=>""3"", ""maxspeed""=>""80""",,,,,,,,,,,,2789215.8691601474,824493.6344452589,38.0
,,,,,,,,,,,,,,,,,,trunk,,,,,19.392967,,,,-99.2388321,,,,Constituyentes,,yes,,145313170.0,,,,,,,,,,,,"""lanes""=>""3"", ""maxspeed""=>""80""",,,,,,,,,,,,2789188.9078110377,824466.7739934052,38.0
,,,,,,,,,,,,,,,,,,trunk,,,,,19.3927341,,,,-99.2389972,,,,Constituyentes,,yes,,145313170.0,,,,,,,,,,,,"""lanes""=>""3"", ""maxspeed""=>""80""",,,,,,,,,,,,2789172.1131849214,824440.7386040867,38.0
,,,,,,,,,,,,,,,,,,trunk,,,,,19.3929089,,,,-99.2395188,,,,Prol. Paseo de la Reforma,,yes,,30641883.0,,,,,,,,,,,,"""lanes""=>""3""",,,,,,,,,,,,2789117.119097337,824458.9776859317,38.0
,,,,,,,,,,,,,,,,,,trunk,,,,,19.3917844,,,,-99.2392872,,,,Prol. Paseo de la Reforma,,yes,,30641883.0,,,,,,,,,,,,"""lanes""=>""3""",,,,,,,,,,,,2789143.761657233,824335.3463774062,38.0
,,,,,,,,,,,,,,,,,,trunk,,,,,19.3914638,,,,-99.2392071,,,,Prol. Paseo de la Reforma,,yes,,30641883.0,,,,,,,,,,,,"""lanes""=>""3""",,,,,,,,,,,,2789152.8310690736,824300.1268823183,38.0
,,,,,,,,,,,,,,,,,,trunk,,,,,19.3911374,,,,-99.2391646,,,,Prol. Paseo de la Reforma,,yes,,30641883.0,,,,,,,,,,,,"""lanes""=>""3""",,,,,,,,,,,,2789157.9752687314,824264.1914908468,38.0
,,,,,,,,,,,,,,,,,,trunk,,,,,19.3909579,,,,-99.2390985,,,,Prol. Paseo de la Reforma,,yes,,30641883.0,,,,,,,,,,,,"""lanes""=>""3""",,,,,,,,,,,,2789165.2788303327,824244.5153700962,38.0
,,,,,,,,,,,,,,,,,,trunk,,,,,19.3907234,,,,-99.2391405,,,,Prolongación Paseo de la Reforma,,yes,,96663460.0,,,,,MEX15D,,,,,,,,,,,,,,,,,,,2789161.3787100906,824218.5515623592,38.0
,,,,,,,,,,,,,,,,,,trunk,,,,,19.389788,,,,-99.2394853,,,,Prolongación Paseo de la Reforma,,yes,,96663460.0,,,,,MEX15D,,,,,,,,,,,,,,,,,,,2789127.257389568,824114.6267736636,38.0
,,,,,,,,,,,,,,,,,,trunk,,,,,19.3894545,,,,-99.2396221,,,,Prolongación Paseo de la Reforma,,yes,,96663460.0,,,,,MEX15D,,,,,,,,,,,,,,,,,,,2789113.6396383354,824077.5463012373,38.0
,,,,,,,,,,,,,,,,,,trunk,,,,,19.3891872,,,,-99.239798,,,,Prolongación Paseo de la Reforma,,yes,,96663460.0,,,,,MEX15D,,,,,,,,,,,,,,,,,,,2789095.786475103,824047.6927753193,38.0
,,,,,,,,,,,,,,,,,,trunk,,,,,19.3889488,,,,-99.2400081,,,,Prolongación Paseo de la Reforma,,yes,,96663460.0,,,,,MEX15D,,,,,,,,,,,,,,,,,,,2789074.290278174,824020.9597033835,38.0
,,,,,,,,,,,,,,,,,,trunk,,,,,19.3887631,,,,-99.2402575,,,,Prolongación Paseo de la Reforma,,yes,,96663460.0,,,,,MEX15D,,,,,,,,,,,,,,,,,,,2789048.566399529,823999.963369969,38.0
,,,,,,,,,,,,,,,,,,trunk,,,,,19.388218,,,,-99.2412255,,,,Prolongación Paseo de la Reforma,,yes,,96663460.0,,,,,MEX15D,,,,,,,,,,,,,,,,,,,2788948.3502932284,823937.8560672131,38.0
,,,,,,,,,,,,,,,,,,trunk,,,,,19.3880676,,,,-99.2415867,,,,Prol. Reforma,,yes,,82494659.0,,,,,,,,,,,,,,,,,,,,,,,,2788910.842887392,823920.5303903766,38.0
,,,,,,,,,,,,,,,,,,trunk,,,,,19.3877761,,,,-99.2419863,,,,Prol. Reforma,,yes,,82494659.0,,,,,,,,,,,,,,,,,,,,,,,,2788869.6134325336,823887.5557817349,38.0
,,,,,,,,,,,,,,,,,,trunk,,,,,19.3875808,,,,-99.2422512,,,,Prol. Reforma,,yes,,82494659.0,,,,,,,,,,,,,,,,,,,,,,,,2788842.286168418,823865.4691066617,38.0
,,,,,,,,,,,,,,,,,,trunk,,,,,19.3872844,,,,-99.2428968,,,,Prol. Reforma,,yes,,82494659.0,,,,,,,,,,,,,,,,,,,,,,,,2788775.304272552,823831.4585649364,38.0
,,,,,,,,,,,,,,,,,,trunk,,,,,19.3866642,,,,-99.2435458,,,,Prolongación Paseo de la Reforma,,yes,,25026368.0,,,,,MEX15D,,,,,,,,,,,,,,,,,,,2788708.652889599,823761.7071194563,38.0
,,,,,,,,,,,,,,,,,,trunk,,,,,19.3862474,,,,-99.2437137,,,,Prolongación Paseo de la Reforma,,yes,,25026368.0,,,,,MEX15D,,,,,,,,,,,,,,,,,,,2788691.9534626855,823715.3713570056,38.0
,,,,,,,,,,,,,,,,,,trunk,,,,,19.3857106,,,,-99.2439714,,,,Prolongación Paseo de la Reforma,,yes,,25026368.0,,,,,MEX15D,,,,,,,,,,,,,,,,,,,2788666.1039717086,823655.6117098685,38.0
,,,,,,,,,,,,,,,,,,trunk,,,,,19.3854289,,,,-99.2440644,,,,Prolongación Paseo de la Reforma,,yes,,25026368.0,,,,,MEX15D,,,,,,,,,,,,,,,,,,,2788656.961824442,823624.3362620268,38.0
,,,,,,,,,,,,,,,,,,trunk,,,,,19.3850254,,,,-99.2443501,,,,Prolongación Paseo de la Reforma,,yes,,25026368.0,,,,,MEX15D,,,,,,,,,,,,,,,,,,,2788627.896963437,823579.2312002577,38.0
,,,,,,,,,,,,,,,,,,trunk,,,,,19.3846882,,,,-99.2447566,,,,Prolongación Paseo de la Reforma,,yes,,25026368.0,,,,,MEX15D,,,,,,,,,,,,,,,,,,,2788586.0402201554,823541.1999394055,38.0
,,,,,,,,,,,,,,,,,,trunk,,,,,19.384287,,,,-99.2456778,,,,Prolongación Paseo de la Reforma,,yes,,25026368.0,,,,,MEX15D,,,,,,,,,,,,,,,,,,,2788490.415394344,823495.0703400254,38.0
,,,,,,,,,,,,,,,,,,trunk,,,,,19.3839761,,,,-99.2462632,,,,Prolongación Paseo de la Reforma,,yes,,25026368.0,,,,,MEX15D,,,,,,,,,,,,,,,,,,,2788429.766427028,823459.5820956661,38.0
,,,,,,,,,,,,,,,,,,trunk,,,,,19.3830434,,,,-99.2476779,,,,Prolongación Paseo de la Reforma,,yes,,25026368.0,,,,,MEX15D,,,,,,,,,,,,,,,,,,,2788283.5828025006,823353.805156175,38.0
,,,,,,,,,,,,,,,,,,secondary,,,,,19.3827023,,,,-99.2484152,,,,,,yes,,25026375.0,,,,,,,,,,,,,,,,,,,,,,,,2788207.0883451514,823314.679572152,36.0
,,,,,,,,,,,,,,,,,,secondary,,,,,19.3823197,,,,-99.2492899,,,,,,yes,,25026375.0,,,,,,,,,,,,,,,,,,,,,,,,2788116.29149275,823270.6983941904,36.0
,,,,,,,,,,,,,,,,,,secondary,,,,,19.3821307,,,,-99.2497994,,,,,,yes,,25026375.0,,,,,,,,,,,,,,,,,,,,,,,,2788063.3317447114,823248.8169143638,36.0
,,,,,,,,,,,,,,,,,,secondary,,,,,19.3818874,,,,-99.2504764,,,,,,yes,,25026375.0,,,,,,,,,,,,,,,,,,,,,,,,2787992.944472204,823220.6067091925,36.0
,,,,,,,,,yes,,,,,,,,,secondary,,,,,19.3817981,2,,,-99.2507511,,,,,,yes,,25026376.0,,,,,,,,,,,,,,,,,,,,,,,,2787964.3640745133,823210.1999744278,336.0
,,,,,,,,,yes,,,,,,,,,secondary,,,,,19.3816145,2,,,-99.2509528,,,,,,yes,,25026376.0,,,,,,,,,,,,,,,,,,,,,,,,2787943.628443635,823189.5328982915,336.0
,,,,,,,,,yes,,,,,,,,,secondary,,,,,19.3814349,2,,,-99.2510487,,,,,,yes,,25026376.0,,,,,,,,,,,,,,,,,,,,,,,,2787933.9647672493,823169.5196905707,336.0
,,,,,,,,,yes,,,,,,,,,secondary,,,,,19.3812277,2,,,-99.2510491,,,,,,yes,,25026376.0,,,,,,,,,,,,,,,,,,,,,,,,2787934.3612177595,823146.6522714612,336.0
,,,,,,,,,yes,,,,,,,,,secondary,,,,,19.3810683,2,,,-99.2510143,,,,,,yes,,25026376.0,,,,,,,,,,,,,,,,,,,,,,,,2787938.343063935,823129.1307315837,336.0
,,,,,,,,,yes,,,,,,,,,secondary,,,,,19.3807824,2,,,-99.2508319,,,,,,yes,,25026376.0,,,,,,,,,,,,,,,,,,,,,,,,2787958.0508204317,823097.9449709489,336.0
,,,,,,,,,yes,,,,,,,,,secondary,,,,,19.3806812,2,,,-99.2506575,,,,,,yes,,25026376.0,,,,,,,,,,,,,,,,,,,,,,,,2787976.5300094774,823087.1266919756,336.0
,,,,,,,,,yes,,,,,,,,,secondary,,,,,19.3806129,2,,,-99.2504295,,,,,,yes,,25026376.0,,,,,,,,,,,,,,,,,,,,,,,,2788000.5531908055,823080.0469180453,336.0
,,,,,,,,,yes,,,,,,,,,secondary,,,,,19.3804484,2,,,-99.2497885,,,,,,yes,,25026376.0,,,,,,,,,,,,,,,,,,,,,,,,2788068.0339272744,823063.180006612,336.0
,,,,,,,,,yes,,,,,,,,,secondary,,,,,19.380375,2,,,-99.2495739,,,,,,yes,,25026376.0,,,,,,,,,,,,,,,,,,,,,,,,2788090.6645898665,823055.5106229396,336.0
,,,,,,,,,yes,,,,,,,,,secondary,,,,,19.3802915,2,,,-99.2494264,,,,,,yes,,25026376.0,,,,,,,,,,,,,,,,,,,,,,,,2788106.289190602,823046.5918399473,336.0
,,,,,,,,,yes,,,,,,,,,secondary,,,,,19.3801726,2,,,-99.2493003,,,,,,yes,,25026376.0,,,,,,,,,,,,,,,,,,,,,,,,2788119.747498605,823033.7233288273,336.0
,,,,,,,,,,,,,,,,,,secondary,,,,,19.3799499,,,,-99.2492251,,,,,,yes,,25026374.0,,,,,,,,,,,,,,,,,,,,,,,,2788128.0947410353,823009.2971751126,36.0
,,,,,,,,,,,,,,,,,,secondary,,,,,19.3797371,,,,-99.2491866,,,,,,yes,,25026374.0,,,,,,,,,,,,,,,,,,,,,,,,2788132.577399013,822985.8898551872,36.0
,,,,,,,,,,,,,,,,,,secondary,,,,,19.3793314,,,,-99.2492092,,,,,,yes,,25026374.0,,,,,,,,,,,,,,,,,,,,,,,,2788131.06931972,822941.0712721669,36.0
,,,,,,,,,,,,,,,,,,secondary,,,,,19.3791344,,,,-99.249139,,,,,,yes,,25026374.0,,,,,,,,,,,,,,,,,,,,,,,,2788138.8385584624,822919.4713172778,36.0
,,,,,,,,,,,,,,,,,,secondary,,,,,19.3788702,,,,-99.2488832,,,,,,yes,,25026374.0,,,,,,,,,,,,,,,,,,,,,,,,2788166.188405185,822890.828048105,36.0
,,,,,,,,,,,,,,,,,,secondary,,,,,19.3786794,,,,-99.2489607,,,,Vasco de Quiroga,,yes,,30291985.0,,,,,,,,,,,,"""alt_name""=>""Av. Vasco de Quiroga"", ""official_name""=>""Avenida Vasco de Quiroga""",,,,,,,,,,,,2788158.475605775,822869.6155678154,36.0
,,,,,,,,,,,,,,,,,,secondary,,,,,19.3784906,,,,-99.2492222,,,,Vasco de Quiroga,,yes,,30291985.0,,,,,,,,,,,,"""alt_name""=>""Av. Vasco de Quiroga"", ""official_name""=>""Avenida Vasco de Quiroga""",,,,,,,,,,,,2788131.487748277,822848.2541373487,36.0
,,,,,,,,,,,,,,,,,,secondary,,,,,19.3781838,,,,-99.2502391,,,,Vasco de Quiroga,,yes,,30291985.0,,,,,,,,,,,,"""alt_name""=>""Av. Vasco de Quiroga"", ""official_name""=>""Avenida Vasco de Quiroga""",,,,,,,,,,,,2788025.6343889562,822812.3529562888,36.0
,,,,,,,,,,,,,,,,,,secondary,,,,,19.3777487,,,,-99.2514212,,,,Vasco de Quiroga,,yes,,30291985.0,,,,,,,,,,,,"""alt_name""=>""Av. Vasco de Quiroga"", ""official_name""=>""Avenida Vasco de Quiroga""",,,,,,,,,,,,2787902.750014013,822761.9616143944,36.0
,,,,,,,,,,,,,,,,,,secondary,,,,,19.3774662,,,,-99.2523642,,,,Vasco de Quiroga,,yes,,30291985.0,,,,,,,,,,,,"""alt_name""=>""Av. Vasco de Quiroga"", ""official_name""=>""Avenida Vasco de Quiroga""",,,,,,,,,,,,2787804.583943924,822728.8920753275,36.0
,,,,,,,,,,,,,,,,,,secondary,,,,,19.377306,,,,-99.2527875,,,,Vasco de Quiroga,,yes,,30291985.0,,,,,,,,,,,,"""alt_name""=>""Av. Vasco de Quiroga"", ""official_name""=>""Avenida Vasco de Quiroga""",,,,,,,,,,,,2787760.588972862,822710.3629172351,36.0
,,,,,,,,,,,,,,,,,,secondary,,,,,19.3771717,,,,-99.2530822,,,,Vasco de Quiroga,,yes,,30291985.0,,,,,,,,,,,,"""alt_name""=>""Av. Vasco de Quiroga"", ""official_name""=>""Avenida Vasco de Quiroga""",,,,,,,,,,,,2787730.007896989,822694.9502189715,36.0
,,,,,,,,,,,,,,,,,,secondary,,,,,19.3770983,,,,-99.2531949,,,,Vasco de Quiroga,,yes,,30291985.0,,,,,,,,,,,,"""alt_name""=>""Av. Vasco de Quiroga"", ""official_name""=>""Avenida Vasco de Quiroga""",,,,,,,,,,,,2787718.3595717615,822686.6236500962,36.0
,,,,,,,,,,,,,,,,,,secondary,,,,,19.3762409,,,,-99.2546717,,,,Vasco de Quiroga,,yes,,30291985.0,,,,,,,,,,,,"""alt_name""=>""Av. Vasco de Quiroga"", ""official_name""=>""Avenida Vasco de Quiroga""",,,,,,,,,,,,2787565.5002597696,822589.038482495,36.0
,,,,,,,,,,,,,,,,,,secondary,,,,,19.3759472,,,,-99.2553764,,,,Vasco de Quiroga,,yes,,30291985.0,,,,,,,,,,,,"""alt_name""=>""Av. Vasco de Quiroga"", ""official_name""=>""Avenida Vasco de Quiroga""",,,,,,,,,,,,2787492.314271827,822555.2127170226,36.0
,,,,,,,,,,,,,,,,,,secondary,,,,,19.3758906,,,,-99.255476,,,,Vasco de Quiroga,,yes,,30291985.0,,,,,,,,,,,,"""alt_name""=>""Av. Vasco de Quiroga"", ""official_name""=>""Avenida Vasco de Quiroga""",,,,,,,,,,,,2787482.0022479384,822548.7666423571,36.0
,,,,,,,,,,,,,,,,,,secondary,,,,,19.3753853,,,,-99.2564752,,,,Vasco de Quiroga,,yes,,30291985.0,,,,,,,,,,,,"""alt_name""=>""Av. Vasco de Quiroga"", ""official_name""=>""Avenida Vasco de Quiroga""",,,,,,,,,,,,2787378.4182106787,822490.9987602537,36.0
,,,,,,,,,,,,,,,,,,secondary,,,,,19.3750108,,,,-99.2571485,,,,Vasco de Quiroga,,yes,,30291985.0,,,,,,,,,,,,"""alt_name""=>""Av. Vasco de Quiroga"", ""official_name""=>""Avenida Vasco de Quiroga""",,,,,,,,,,,,2787308.6905824826,822448.3196089196,36.0
,,,,,,,,,,,,,,,,,,secondary,,,,,19.3748691,,,,-99.2573711,,,,Vasco de Quiroga,,yes,,30291985.0,,,,,,,,,,,,"""alt_name""=>""Av. Vasco de Quiroga"", ""official_name""=>""Avenida Vasco de Quiroga""",,,,,,,,,,,,2787285.675567816,822432.235543028,36.0
,,,,,,,,,,,,,,,,,,secondary,,,,,19.3747856,,,,-99.2574811,,,,Vasco de Quiroga,,yes,,30291985.0,,,,,,,,,,,,"""alt_name""=>""Av. Vasco de Quiroga"", ""official_name""=>""Avenida Vasco de Quiroga""",,,,,,,,,,,,2787274.330897621,822422.8000592687,36.0
,,,,,,,,,,,,,,,,,,secondary,,,,,19.3732852,,,,-99.2589751,,,,Vasco de Quiroga,,yes,,30291985.0,,,,,,,,,,,,"""alt_name""=>""Av. Vasco de Quiroga"", ""official_name""=>""Avenida Vasco de Quiroga""",,,,,,,,,,,,2787121.0209732535,822254.2224753136,36.0
,,,,,,,,,,,,,,,,,,secondary,,,,,19.3730574,,,,-99.2592057,,,,Vasco de Quiroga,,yes,,30291985.0,,,,,,,,,,,,"""alt_name""=>""Av. Vasco de Quiroga"", ""official_name""=>""Avenida Vasco de Quiroga""",,,,,,,,,,,,2787097.3491742304,822228.6205466575,36.0
,,,,,,,,,,,,,,,,,,secondary,,,,,19.3729383,,,,-99.2592963,,,,Vasco de Quiroga,,yes,,30291985.0,,,,,,,,,,,,"""alt_name""=>""Av. Vasco de Quiroga"", ""official_name""=>""Avenida Vasco de Quiroga""",,,,,,,,,,,,2787088.1112166825,822215.2951578313,36.0
,,,,,,,,,,,,,,,,,,secondary,,,,,19.3726382,,,,-99.2596451,,,,Vasco de Quiroga,,yes,,30291985.0,,,,,,,,,,,,"""alt_name""=>""Av. Vasco de Quiroga"", ""official_name""=>""Avenida Vasco de Quiroga""",,,,,,,,,,,,2787052.2118386566,822181.4775664897,36.0
,,,,,,,,,,,,,,,,,,secondary,,,,,19.3720371,,,,-99.2601984,,,,Vasco de Quiroga,,yes,,30291985.0,,,,,,,,,,,,"""alt_name""=>""Av. Vasco de Quiroga"", ""official_name""=>""Avenida Vasco de Quiroga""",,,,,,,,,,,,2786995.528147832,822114.0320317381,36.0
,,,,,,,,,,,,,,,,,,secondary,,,,,19.3713143,,,,-99.260834,,,,Vasco de Quiroga,,yes,,30291985.0,,,,,,,,,,,,"""alt_name""=>""Av. Vasco de Quiroga"", ""official_name""=>""Avenida Vasco de Quiroga""",,,,,,,,,,,,2786930.480536786,822032.9910151266,36.0
,,,,,,,,,,,,,,,,,,secondary,,,,,19.370869,,,,-99.2611465,,,,Vasco de Quiroga,,yes,,30291985.0,,,,,,,,,,,,"""alt_name""=>""Av. Vasco de Quiroga"", ""official_name""=>""Avenida Vasco de Quiroga""",,,,,,,,,,,,2786898.688424101,821983.2218541863,36.0
,,,,,,,,,,,,,,,,,,secondary,,,,,19.3702765,,,,-99.2612507,,,,Antonio Dovali J,,yes,,96663429.0,,,,,,,,,,,,,,,,,,,,,,,,2786889.0234864345,821917.6241579796,36.0
,,,,,,,,,,,,,,,,,,secondary,,,,,19.3696109,,,,-99.2611886,,,,Antonio Dovali J,,yes,,96663429.0,,,,,,,,,,,,,,,,,,,,,,,,2786896.930722119,821844.2916381347,36.0
,,,,,,,,,,,,,,,,,,secondary,,,,,19.3692306,,,,-99.2610748,,,,Antonio Dovali J,,yes,,96663429.0,,,,,,,,,,,,,,,,,,,,,,,,2786909.6517122574,821802.5487125688,36.0
,,,,,,,,,,,,,,,,,,secondary,,,,,19.3689921,,,,-99.2609925,,,,Antonio Dovali J,,yes,,96663429.0,,,,,,,,,,,,,,,,,,,,,,,,2786918.7745481925,821776.3920675142,36.0
,,,,,,,,,,,,,,,,,,secondary,,,,,19.3681861,,,,-99.2606766,,,,Antonio Dovali J,,yes,,96663429.0,,,,,,,,,,,,,,,,,,,,,,,,2786953.561131379,821688.072423857,36.0
,,,,,,,,,,,,,,,,,,secondary,,,,,19.3679478,,,,-99.2603881,,,,Av. Santa Fe,,yes,,49886826.0,,,,,,,,,,,,"""cycleway:left""=>""lane""",,,,,,,,,,,,2786984.2812557872,821662.3504397233,36.0
,,,,,,,,,,,,,,,,,,secondary,,,,,19.3678715,,,,-99.2604682,,,,Av. Santa Fe,,yes,,49886826.0,,,,,,,,,,,,"""cycleway:left""=>""lane""",,,,,,,,,,,,2786976.0523770247,821653.7695451124,36.0
,,,,,,,,,,,,,,,,,,secondary,,,,,19.3676015,,,,-99.2607382,,,,Av. Santa Fe,,yes,,49886826.0,,,,,,,,,,,,"""cycleway:left""=>""lane""",,,,,,,,,,,,2786948.3415166237,821623.4315837052,36.0
,,,,,,,,,,,,,,,,,,secondary,,,,,19.367462,,,,-99.2608788,,,,Av. Santa Fe,,yes,,49886826.0,,,,,,,,,,,,"""cycleway:left""=>""lane""",,,,,,,,,,,,2786933.9089790704,821607.7547860132,36.0
,,,,,,,,,,,,,,,,,,secondary,,,,,19.3672451,,,,-99.2610833,,,,Av. Santa Fe,,yes,,49886826.0,,,,,,,,,,,,"""cycleway:left""=>""lane""",,,,,,,,,,,,2786912.946586035,821583.4081446313,36.0
,,,,,,,,,,,,,,,,,,secondary,,,,,19.3668732,,,,-99.2613917,,,,Av. Santa Fe,,yes,,49886826.0,,,,,,,,,,,,"""cycleway:left""=>""lane""",,,,,,,,,,,,2786881.428153962,821541.7475710404,36.0
,,,,,,,,,,,,,,,,,,secondary,,,,,19.3663519,,,,-99.2619228,,,,Av. Santa Fe,,yes,,49886826.0,,,,,,,,,,,,"""cycleway:left""=>""lane""",,,,,,,,,,,,2786826.8983159643,821483.1535429113,36.0
,,,,,,,,,,,,,,,,,,secondary,,,,,19.3663004,,,,-99.261975,,,,Av. Santa Fe,,yes,,49886826.0,,,,,,,,,,,,"""cycleway:left""=>""lane""",,,,,,,,,,,,2786821.5392964026,821477.365497154,36.0
,,,,,,,,,,,,,,,,,,secondary,,,,,19.3661836,,,,-99.2620932,,,,Av. Santa Fe,,yes,,49886826.0,,,,,,,,,,,,"""cycleway:left""=>""lane""",,,,,,,,,,,,2786809.404879509,821464.2388151067,36.0
,,,,,,,,,,,,,,,,,,secondary,,,,,19.3657395,,,,-99.2625987,,,,Av. Santa Fe,,yes,,49886826.0,,,,,,,,,,,,"""cycleway:left""=>""lane""",,,,,,,,,,,,2786757.3932489064,821414.2161537932,36.0
,,,,,,,,,,,,,,,,,,secondary,,,,,19.365408,,,,-99.2629581,,,,Av. Santa Fe,,yes,,49886826.0,,,,,,,,,,,,"""cycleway:left""=>""lane""",,,,,,,,,,,,2786720.4470328074,821376.9125138273,36.0
,,,,,,,,,,,,,,,,,,secondary,,,,,19.3649526,,,,-99.263449,,,,Av. Santa Fe,,yes,,49886826.0,,,,,,,,,,,,"""cycleway:left""=>""lane""",,,,,,,,,,,,2786669.9878491145,821325.6722052381,36.0
,,,,,,,,,,,,,,,,,,secondary,,,,,19.3646348,,,,-99.2637248,,,,Av. Santa Fe,,yes,,49886826.0,,,,,,,,,,,,"""cycleway:left""=>""lane""",,,,,,,,,,,,2786641.768900771,821290.0477946757,36.0
,,,,,,,,,,,,,,,,,,secondary,,,,,19.3644591,,,,-99.2638647,,,,Av. Santa Fe,,yes,,49886826.0,,,,,,,,,,,,"""cycleway:left""=>""lane""",,,,,,,,,,,,2786627.485264801,821270.3775187866,36.0
,,,,,,,,,,,,,,,,,,secondary,,,,,19.3638806,,,,-99.2643058,,,,Av. Santa Fe,,yes,,49886826.0,,,,,,,,,,,,"""cycleway:left""=>""lane""",,,,,,,,,,,,2786582.5008237474,821205.6513550277,36.0
,,,,,,,,,,,,,,,,,,secondary,,,,,19.3637202,,,,-99.264428,,,,Av. Santa Fe,,yes,,49886826.0,,,,,,,,,,,,"""cycleway:left""=>""lane""",,,,,,,,,,,,2786570.038788568,821187.7050320859,36.0
,,,,,,,,,,,,,,,,,,secondary,,,,,19.3634672,,,,-99.2646587,,,,Av. Santa Fe,,yes,,49886826.0,,,,,,,,,,,,"""cycleway:left""=>""lane""",,,,,,,,,,,,2786546.4068987714,821159.3223611893,36.0
,,,,,,,,,,,,,,,,,,secondary,,,,,19.3631744,,,,-99.2649792,,,,Av. Santa Fe,,yes,,49886826.0,,,,,,,,,,,,"""cycleway:left""=>""lane""",,,,,,,,,,,,2786513.452628441,821126.367889037,36.0
,,,,,,,,,,,,,,,,,,secondary,,,,,19.3629805,,,,-99.2652907,,,,Av. Santa Fe,,yes,,394914098.0,,,,,,,,,,,,,,,,,,,,,,,,2786481.2327673673,821104.3463204554,36.0
,,,,,,,,,,,,,,,,,,secondary,,,,,19.3628476,,,,-99.2654678,,,,Av. Santa Fe,,yes,,394914098.0,,,,,,,,,,,,,,,,,,,,,,,,2786462.9621557626,821089.3253790373,36.0
,,,,,,,,,,,,,,,,,,tertiary,,,,,19.362689,,,,-99.2655991,,,,,,yes,,127696824.0,,,,,,,,,,,,,,,,,,,,,,,,2786449.542910966,821071.5596118615,34.0
,,,,,,,,,,,,,,,,,,tertiary,,,,,19.3622251,,,,-99.2661224,,,,,,yes,,127696824.0,,,,,,,,,,,,,,,,,,,,,,,,2786395.705893863,821019.3172737001,34.0
,,,,,,,,,,,,,,,,,,tertiary,,,,,19.3619187,,,,-99.2664687,,,,,,yes,,127696824.0,,,,,,,,,,,,,,,,,,,,,,,,2786360.0771560958,820984.8106384268,34.0
,,,,,,,,,,,,,,,,,,tertiary,,,,,19.3617991,,,,-99.2667132,,,,,,yes,,127696824.0,,,,,,,,,,,,,,,,,,,,,,,,2786334.718438442,820971.1230871433,34.0
,,,,,,,,,,,,,,,,,,tertiary,,,,,19.361738,,,,-99.2668765,,,,,,yes,,127696824.0,,,,,,,,,,,,,,,,,,,,,,,,2786317.741983746,820964.0539038273,34.0
,,,,,,,,,,,,,,,,,,tertiary,,,,,19.361757,,,,-99.2669332,,,,,,yes,,127696824.0,,,,,,,,,,,,,,,,,,,,,,,,2786311.7629353125,820966.0376044569,34.0
,,,,,,,,,,,,,,,,,,tertiary,,,,,19.3615849,,,,-99.2674634,,,,,,yes,,96663467.0,,,,,,,,,,,,,,,,,,,,,,,,2786256.588663137,820945.9858143601,34.0
,,,,,,,,,,,,,,,,,,tertiary,,,,,19.3614776,,,,-99.2676058,,,,,,yes,,96663467.0,,,,,,,,,,,,,,,,,,,,,,,,2786241.89848665,820933.8596668919,34.0
,,,,,,,,,,,,,,,,,,tertiary,,,,,19.3613134,,,,-99.2679631,,,,,,yes,,96663467.0,,,,,,,,,,,,,,,,,,,,,,,,2786204.817997319,820915.0250185187,34.0
,,,,,,,,,,,,,,,,,,tertiary,,,,,19.3610917,,,,-99.2683447,,,,,,yes,,96663467.0,,,,,,,,,,,,,,,,,,,,,,,,2786165.3129645064,820889.7961050787,34.0
,,,,,,,,,,,,,,,,,,tertiary,,,,,19.3607985,,,,-99.2687817,,,,,,yes,,96663467.0,,,,,,,,,,,,,,,,,,,,,,,,2786120.1551363184,820856.5658150709,34.0
,,,,,,,,,,,,,,,,,,tertiary,,,,,19.3605642,,,,-99.2691015,,,,,,yes,,96663467.0,,,,,,,,,,,,,,,,,,,,,,,,2786087.149634895,820830.0698108056,34.0
,,,,,,,,,,,,,,,,,,tertiary,,,,,19.3603098,,,,-99.2694488,,,,,,yes,,96663467.0,,,,,,,,,,,,,,,,,,,,,,,,2786051.305716905,820801.3007261261,34.0
,,,,,,,,,,,,,,,,,,tertiary,,,,,19.3602684,,,,-99.2695123,,,,,,yes,,96663467.0,,,,,,,,,,,,,,,,,,,,,,,,2786044.7412872636,820796.6050469996,34.0
,,,,,,,,,,,,,,,,,,tertiary,,,,,19.3599676,,,,-99.2699782,,,,,,yes,,96663446.0,,,,,,,,,,,,,,,,,,,,,,,,2785996.571687435,820762.47869907,34.0
,,,,,,,,,,,,,,,,,,tertiary,,,,,19.3598665,,,,-99.2701461,,,,,,yes,,96663446.0,,,,,,,,,,,,,,,,,,,,,,,,2785979.197041155,820750.9861877906,34.0
,,,,,,,,,,,,,,,,,,tertiary,,,,,19.3595447,,,,-99.2706211,,,,,,yes,,96663446.0,,,,,,,,,,,,,,,,,,,,,,,,2785930.1180561157,820714.5242665301,34.0
,,,,,,,,,,,,,,,,,,tertiary,,,,,19.3594626,,,,-99.2707537,,,,,,yes,,96663446.0,,,,,,,,,,,,,,,,,,,,,,,,2785916.4009847096,820705.1990990578,34.0
,,,,,,,,,,,,,,,,,,tertiary,,,,,19.358944,,,,-99.2715913,,,,,,yes,,96663446.0,,,,,,,,,,,,,,,,,,,,,,,,2785829.753380571,820646.2951904454,34.0
,,,,,,,,,,,,,,,,,,tertiary,,,,,19.358677,,,,-99.2721016,,,,,,yes,,96663446.0,,,,,,,,,,,,,,,,,,,,,,,,2785776.8610317875,820615.811288284,34.0
,,,,,,,,,,,,,,,,,,tertiary,,,,,19.3585428,,,,-99.2723665,,,,,,yes,,96663446.0,,,,,,,,,,,,,,,,,,,,,,,,2785749.3949511005,820600.4727234063,34.0
,,,,,,,,,,,,,,,,,,tertiary,,,,,19.3582241,,,,-99.2730087,,,,,,yes,,96663446.0,,,,,,,,,,,,,,,,,,,,,,,,2785682.7944561513,820564.0205632936,34.0
,,,,,,,,,,,,,,,,,,tertiary,,,,,19.3581701,,,,-99.2730905,,,,,,yes,,96663446.0,,,,,,,,,,,,,,,,,,,,,,,,2785674.339352275,820557.8980046194,34.0
,,,,,,,,,,,,,,,,,,tertiary,,,,,19.3581154,,,,-99.2731794,,,,,,yes,,96663446.0,,,,,,,,,,,,,,,,,,,,,,,,2785665.1419952577,820551.6840540806,34.0
,,,,,,,,,,,,,,,,,,tertiary,,,,,19.35784,,,,-99.2736451,,,,,,yes,,96663481.0,,,,,,,,,,,,,,,,,,,,,,,,2785616.938407465,820520.3624702311,34.0
,,,,,,,,,,,,,,,,,,tertiary,,,,,19.3578093,,,,-99.2737641,,,,,,yes,,96663481.0,,,,,,,,,,,,,,,,,,,,,,,,2785604.5377071295,820516.7373330281,34.0
,,,,,,,,,,,,,,,,,,tertiary,,,,,19.3575553,,,,-99.274204,,,,,,yes,,96663481.0,,,,,,,,,,,,,,,,,,,,,,,,2785558.991515931,820487.8290801635,34.0
,,,,,,,,,,,,,,,,,,tertiary,,,,,19.3571252,,,,-99.274949,,,,,,yes,,96663481.0,,,,,,,,,,,,,,,,,,,,,,,,2785481.8554660054,820438.8785996811,34.0
,,,,,,,,,,,,,,,,,,tertiary,,,,,19.3568922,,,,-99.2752379,,,,,,yes,,96663481.0,,,,,,,,,,,,,,,,,,,,,,,,2785452.081959877,820412.5888626075,34.0
,,,,,,,,,,,,,,,,,,tertiary,,,,,19.356548,,,,-99.275478,,,,,,yes,,96663481.0,,,,,,,,,,,,,,,,,,,,,,,,2785427.65330425,820374.1238663442,34.0
,,,,,,,,,,,,,,,,,,tertiary,,,,,19.3564898,,,,-99.2755736,,,,,,yes,,96663481.0,,,,,,,,,,,,,,,,,,,,,,,,2785417.761247229,820367.5104494265,34.0
,,,,,,,,,,,,,,,,,,tertiary,,,,,19.3564385,,,,-99.2756579,,,,,,yes,,96663481.0,,,,,,,,,,,,,,,,,,,,,,,,2785409.0383889987,820361.6810347429,34.0
,,,,,,,,,,,,,,,,,,tertiary,,,,,19.3564409,,,,-99.2757867,,,,,,yes,,96663481.0,,,,,,,,,,,,,,,,,,,,,,,,2785395.5415630452,820361.689597731,34.0
,,,,,,,,,,,,,,,,,,tertiary,,,,,19.3565031,,,,-99.2758971,,,,,,yes,,96663481.0,,,,,,,,,,,,,,,,,,,,,,,,2785383.8467662414,820368.3345294886,34.0
,,,,,,,,,,,,,,,,,,primary,,,,,19.3567273,,,,-99.2762648,,,,J. Palacios Roji Lara,,yes,,25026561.0,,,,,,,,,,,,,,,,,,,,,,,,2785344.8602542677,820392.3464267793,37.0
,,,,,,,,,,,,,,,,,,primary,,,,,19.3569283,,,,-99.2761385,,,,J. Palacios Roji Lara,,yes,,25026561.0,,,,,,,,,,,,,,,,,,,,,,,,2785357.6687888717,820414.7807926591,37.0
,,,,,,,,,,,,,,,,,,primary,,,,,19.357032,,,,-99.2760956,,,,J. Palacios Roji Lara,,yes,,25026561.0,,,,,,,,,,,,,,,,,,,,,,,,2785361.945155706,820426.310849506,37.0
,,,,,,,,,,,,,,,,,,primary,,,,,19.3572011,,,,-99.2760787,,,,J. Palacios Roji Lara,,yes,,25026561.0,,,,,,,,,,,,,,,,,,,,,,,,2785363.360929346,820445.0069475503,37.0
,,,,,,,,,,,,,,,,,,primary,,,,,19.357381,,,,-99.27609,,,,J. Palacios Roji Lara,,yes,,25026561.0,,,,,,,,,,,,,,,,,,,,,,,,2785361.8001295193,820464.8388580035,37.0
,,,,,,,,,,,,,,,,,,primary,,,,,19.3575453,,,,-99.2761582,,,,J. Palacios Roji Lara,,yes,,25026561.0,,,,,,,,,,,,,,,,,,,,,,,,2785354.3118113996,820482.8358822867,37.0
,,,,,,,,,,,,,,,,,,primary,,,,,19.3578671,,,,-99.2764282,,,,J. Palacios Roji Lara,,yes,,25026561.0,,,,,,,,,,,,,,,,,,,,,,,,2785325.355032677,820517.813664056,37.0
,,,,,,,,,,,,,,,,,,primary,,,,,19.3579228,,,,-99.2765569,,,,J. Palacios Roji Lara,,yes,,25026561.0,,,,,,,,,,,,,,,,,,,,,,,,2785311.757107458,820523.7048717239,37.0
,,,,,,,,,,,,,,,,,,primary,,,,,19.3579633,,,,-99.2767501,,,,J. Palacios Roji Lara,,yes,,25026561.0,,,,,,,,,,,,,,,,,,,,,,,,2785291.434753168,820527.7902617323,37.0
,,,,,,,,,,,,,,,,,,primary,,,,,19.3579054,,,,-99.2769826,,,,J. Palacios Roji Lara,,yes,,25026561.0,,,,,,,,,,,,,,,,,,,,,,,,2785267.20199615,820520.9377475238,37.0
,,,,,,,,,,,,,,,,,,secondary,,,,,19.3579158,,,,-99.2771425,,,,Juan Salvador Agraz,,yes,,25026586.0,,,,,,,,,,,,,,,,,,,,,,,,2785250.430862394,820521.7674891473,36.0
,,,,,,,,,,,,,,,,,,secondary,,,,,19.3579781,,,,-99.2772963,,,,Juan Salvador Agraz,,yes,,25026586.0,,,,,,,,,,,,,,,,,,,,,,,,2785234.1899468284,820528.3372435895,36.0
,,,,,,,,,,,,,,,,,,secondary,,,,,19.3580653,,,,-99.2773792,,,,Juan Salvador Agraz,,yes,,25026586.0,,,,,,,,,,,,,,,,,,,,,,,,2785225.323557584,820537.7960648203,36.0
,,,,,,,,,,,,,,,,,,secondary,,,,,19.3581846,,,,-99.2774199,,,,Juan Salvador Agraz,,yes,,25026586.0,,,,,,,,,,,,,,,,,,,,,,,,2785220.8103131633,820550.881479046,36.0
,,,,,,,,,,,,,,,,,,secondary,,,,,19.358385,,,,-99.2774977,,,,Juan Salvador Agraz,,yes,,25026586.0,,,,,,,,,,,,,,,,,,,,,,,,2785212.2409799835,820572.8435840912,36.0
,,,,,,,,,,,,,,,,,,secondary,,,,,19.3586335,,,,-99.2776349,,,,Juan Salvador Agraz,,yes,,25026586.0,,,,,,,,,,,,,,,,,,,,,,,,2785197.348843368,820599.9960451634,36.0
,,,,,,,,,,,,,,,,,,secondary,,,,,19.3586685,,,,-99.2776542,,,,Juan Salvador Agraz,,yes,,25026586.0,,,,,,,,,,,,,,,,,,,,,,,,2785195.2538716,820603.8203836279,36.0
,,,,,,,,,,,,,,,,,,secondary,,,,,19.3589175,,,,-99.2778382,,,,Juan Salvador Agraz,,yes,,25026586.0,,,,,,,,,,,,,,,,,,,,,,,,2785175.4585372363,820630.9349763709,36.0
,,,,,,,,,,,,,,,,,,secondary,,,,,19.3591695,,,,-99.2781414,,,,Juan Salvador Agraz,,yes,,25026586.0,,,,,,,,,,,,,,,,,,,,,,,,2785143.1710405117,820658.1436815893,36.0
,,,,,,,,,,,,,,,,,,secondary,,,,,19.3593522,,,,-99.2784628,,,,Juan Salvador Agraz,,yes,,25026586.0,,,,,,,,,,,,,,,,,,,,,,,,2785109.1224017814,820677.6680927646,36.0
,,,,,,,,,,,,,,,,,,secondary,,,,,19.3595292,,,,-99.2787937,,,,Juan Salvador Agraz,,yes,,25026586.0,,,,,,,,,,,,,,,,,,,,,,,,2785074.090686993,820696.5446232014,36.0
,,,,,,,,,,,,,,,,,,secondary,,,,,19.3597268,,,,-99.2790364,,,,Juan Salvador Agraz,,yes,,25026586.0,,,,,,,,,,,,,,,,,,,,,,,,2785048.254651414,820717.8700099852,36.0
,,,,,,,,,,,,,,,,,,secondary,,,,,19.3601674,,,,-99.2794826,,,,Juan Salvador Agraz,,yes,,25026586.0,,,,,,,,,,,,,,,,,,,,,,,,2785000.5938335867,820765.6092879887,36.0
,,,,,,,,,,,,,,,,,,,,,,,,,,,,,,,,,,,,,,,,,,,,,,,,,,,,,,,,,,,2784943.008398493,820825.1663679127,
